-- 카테고리 데이터 (ID: 1~8)
INSERT INTO CATEGORY (CATEGORY_ID, CATEGORY_NAME, CREATED_AT, UPDATED_AT) VALUES (1, '상의', CURRENT_TIMESTAMP, CURRENT_TIMESTAMP);
INSERT INTO CATEGORY (CATEGORY_ID, CATEGORY_NAME, CREATED_AT, UPDATED_AT) VALUES (2, '아우터', CURRENT_TIMESTAMP, CURRENT_TIMESTAMP);
INSERT INTO CATEGORY (CATEGORY_ID, CATEGORY_NAME, CREATED_AT, UPDATED_AT) VALUES (3, '바지', CURRENT_TIMESTAMP, CURRENT_TIMESTAMP);
INSERT INTO CATEGORY (CATEGORY_ID, CATEGORY_NAME, CREATED_AT, UPDATED_AT) VALUES (4, '스니커즈', CURRENT_TIMESTAMP, CURRENT_TIMESTAMP);
INSERT INTO CATEGORY (CATEGORY_ID, CATEGORY_NAME, CREATED_AT, UPDATED_AT) VALUES (5, '가방', CURRENT_TIMESTAMP, CURRENT_TIMESTAMP);
INSERT INTO CATEGORY (CATEGORY_ID, CATEGORY_NAME, CREATED_AT, UPDATED_AT) VALUES (6, '모자', CURRENT_TIMESTAMP, CURRENT_TIMESTAMP);
INSERT INTO CATEGORY (CATEGORY_ID, CATEGORY_NAME, CREATED_AT, UPDATED_AT) VALUES (7, '양말', CURRENT_TIMESTAMP, CURRENT_TIMESTAMP);
INSERT INTO CATEGORY (CATEGORY_ID, CATEGORY_NAME, CREATED_AT, UPDATED_AT) VALUES (8, '액세서리', CURRENT_TIMESTAMP, CURRENT_TIMESTAMP);

-- 브랜드 데이터 (ID: 1~9)
INSERT INTO BRAND (BRAND_ID, BRAND_NAME, CREATED_AT, UPDATED_AT) VALUES (1, 'A', CURRENT_TIMESTAMP, CURRENT_TIMESTAMP);
INSERT INTO BRAND (BRAND_ID, BRAND_NAME, CREATED_AT, UPDATED_AT) VALUES (2, 'B', CURRENT_TIMESTAMP, CURRENT_TIMESTAMP);
INSERT INTO BRAND (BRAND_ID, BRAND_NAME, CREATED_AT, UPDATED_AT) VALUES (3, 'C', CURRENT_TIMESTAMP, CURRENT_TIMESTAMP);
INSERT INTO BRAND (BRAND_ID, BRAND_NAME, CREATED_AT, UPDATED_AT) VALUES (4, 'D', CURRENT_TIMESTAMP, CURRENT_TIMESTAMP);
INSERT INTO BRAND (BRAND_ID, BRAND_NAME, CREATED_AT, UPDATED_AT) VALUES (5, 'E', CURRENT_TIMESTAMP, CURRENT_TIMESTAMP);
INSERT INTO BRAND (BRAND_ID, BRAND_NAME, CREATED_AT, UPDATED_AT) VALUES (6, 'F', CURRENT_TIMESTAMP, CURRENT_TIMESTAMP);
INSERT INTO BRAND (BRAND_ID, BRAND_NAME, CREATED_AT, UPDATED_AT) VALUES (7, 'G', CURRENT_TIMESTAMP, CURRENT_TIMESTAMP);
INSERT INTO BRAND (BRAND_ID, BRAND_NAME, CREATED_AT, UPDATED_AT) VALUES (8, 'H', CURRENT_TIMESTAMP, CURRENT_TIMESTAMP);
INSERT INTO BRAND (BRAND_ID, BRAND_NAME, CREATED_AT, UPDATED_AT) VALUES (9, 'I', CURRENT_TIMESTAMP, CURRENT_TIMESTAMP);

-- 상품 데이터
-- 브랜드 A (ID=1): {11200, 5500, 4200, 9000, 2000, 1700, 1800, 2300}
INSERT INTO PRODUCT (BRAND_ID, CATEGORY_ID, PRICE, CREATED_AT, UPDATED_AT) VALUES (1, 1, 11200, CURRENT_TIMESTAMP, CURRENT_TIMESTAMP);
INSERT INTO PRODUCT (BRAND_ID, CATEGORY_ID, PRICE, CREATED_AT, UPDATED_AT) VALUES (1, 2, 5500, CURRENT_TIMESTAMP, CURRENT_TIMESTAMP);
INSERT INTO PRODUCT (BRAND_ID, CATEGORY_ID, PRICE, CREATED_AT, UPDATED_AT) VALUES (1, 3, 4200, CURRENT_TIMESTAMP, CURRENT_TIMESTAMP);
INSERT INTO PRODUCT (BRAND_ID, CATEGORY_ID, PRICE, CREATED_AT, UPDATED_AT) VALUES (1, 4, 9000, CURRENT_TIMESTAMP, CURRENT_TIMESTAMP);
INSERT INTO PRODUCT (BRAND_ID, CATEGORY_ID, PRICE, CREATED_AT, UPDATED_AT) VALUES (1, 5, 2000, CURRENT_TIMESTAMP, CURRENT_TIMESTAMP);
INSERT INTO PRODUCT (BRAND_ID, CATEGORY_ID, PRICE, CREATED_AT, UPDATED_AT) VALUES (1, 6, 1700, CURRENT_TIMESTAMP, CURRENT_TIMESTAMP);
INSERT INTO PRODUCT (BRAND_ID, CATEGORY_ID, PRICE, CREATED_AT, UPDATED_AT) VALUES (1, 7, 1800, CURRENT_TIMESTAMP, CURRENT_TIMESTAMP);
INSERT INTO PRODUCT (BRAND_ID, CATEGORY_ID, PRICE, CREATED_AT, UPDATED_AT) VALUES (1, 8, 2300, CURRENT_TIMESTAMP, CURRENT_TIMESTAMP);

-- 브랜드 B (ID=2): {10500, 5900, 3800, 9100, 2100, 2000, 2000, 2200}
INSERT INTO PRODUCT (BRAND_ID, CATEGORY_ID, PRICE, CREATED_AT, UPDATED_AT) VALUES (2, 1, 10500, CURRENT_TIMESTAMP, CURRENT_TIMESTAMP);
INSERT INTO PRODUCT (BRAND_ID, CATEGORY_ID, PRICE, CREATED_AT, UPDATED_AT) VALUES (2, 2, 5900, CURRENT_TIMESTAMP, CURRENT_TIMESTAMP);
INSERT INTO PRODUCT (BRAND_ID, CATEGORY_ID, PRICE, CREATED_AT, UPDATED_AT) VALUES (2, 3, 3800, CURRENT_TIMESTAMP, CURRENT_TIMESTAMP);
INSERT INTO PRODUCT (BRAND_ID, CATEGORY_ID, PRICE, CREATED_AT, UPDATED_AT) VALUES (2, 4, 9100, CURRENT_TIMESTAMP, CURRENT_TIMESTAMP);
INSERT INTO PRODUCT (BRAND_ID, CATEGORY_ID, PRICE, CREATED_AT, UPDATED_AT) VALUES (2, 5, 2100, CURRENT_TIMESTAMP, CURRENT_TIMESTAMP);
INSERT INTO PRODUCT (BRAND_ID, CATEGORY_ID, PRICE, CREATED_AT, UPDATED_AT) VALUES (2, 6, 2000, CURRENT_TIMESTAMP, CURRENT_TIMESTAMP);
INSERT INTO PRODUCT (BRAND_ID, CATEGORY_ID, PRICE, CREATED_AT, UPDATED_AT) VALUES (2, 7, 2000, CURRENT_TIMESTAMP, CURRENT_TIMESTAMP);
INSERT INTO PRODUCT (BRAND_ID, CATEGORY_ID, PRICE, CREATED_AT, UPDATED_AT) VALUES (2, 8, 2200, CURRENT_TIMESTAMP, CURRENT_TIMESTAMP);

-- 브랜드 C (ID=3): {10000, 6200, 3300, 9200, 2200, 1900, 2200, 2100}
INSERT INTO PRODUCT (BRAND_ID, CATEGORY_ID, PRICE, CREATED_AT, UPDATED_AT) VALUES (3, 1, 10000, CURRENT_TIMESTAMP, CURRENT_TIMESTAMP);
INSERT INTO PRODUCT (BRAND_ID, CATEGORY_ID, PRICE, CREATED_AT, UPDATED_AT) VALUES (3, 2, 6200, CURRENT_TIMESTAMP, CURRENT_TIMESTAMP);
INSERT INTO PRODUCT (BRAND_ID, CATEGORY_ID, PRICE, CREATED_AT, UPDATED_AT) VALUES (3, 3, 3300, CURRENT_TIMESTAMP, CURRENT_TIMESTAMP);
INSERT INTO PRODUCT (BRAND_ID, CATEGORY_ID, PRICE, CREATED_AT, UPDATED_AT) VALUES (3, 4, 9200, CURRENT_TIMESTAMP, CURRENT_TIMESTAMP);
INSERT INTO PRODUCT (BRAND_ID, CATEGORY_ID, PRICE, CREATED_AT, UPDATED_AT) VALUES (3, 5, 2200, CURRENT_TIMESTAMP, CURRENT_TIMESTAMP);
INSERT INTO PRODUCT (BRAND_ID, CATEGORY_ID, PRICE, CREATED_AT, UPDATED_AT) VALUES (3, 6, 1900, CURRENT_TIMESTAMP, CURRENT_TIMESTAMP);
INSERT INTO PRODUCT (BRAND_ID, CATEGORY_ID, PRICE, CREATED_AT, UPDATED_AT) VALUES (3, 7, 2200, CURRENT_TIMESTAMP, CURRENT_TIMESTAMP);
INSERT INTO PRODUCT (BRAND_ID, CATEGORY_ID, PRICE, CREATED_AT, UPDATED_AT) VALUES (3, 8, 2100, CURRENT_TIMESTAMP, CURRENT_TIMESTAMP);

-- 브랜드 D (ID=4): {10100, 5100, 3000, 9500, 2500, 1500, 2400, 2000}
INSERT INTO PRODUCT (BRAND_ID, CATEGORY_ID, PRICE, CREATED_AT, UPDATED_AT) VALUES (4, 1, 10100, CURRENT_TIMESTAMP, CURRENT_TIMESTAMP);
INSERT INTO PRODUCT (BRAND_ID, CATEGORY_ID, PRICE, CREATED_AT, UPDATED_AT) VALUES (4, 2, 5100, CURRENT_TIMESTAMP, CURRENT_TIMESTAMP);
INSERT INTO PRODUCT (BRAND_ID, CATEGORY_ID, PRICE, CREATED_AT, UPDATED_AT) VALUES (4, 3, 3000, CURRENT_TIMESTAMP, CURRENT_TIMESTAMP);
INSERT INTO PRODUCT (BRAND_ID, CATEGORY_ID, PRICE, CREATED_AT, UPDATED_AT) VALUES (4, 4, 9500, CURRENT_TIMESTAMP, CURRENT_TIMESTAMP);
INSERT INTO PRODUCT (BRAND_ID, CATEGORY_ID, PRICE, CREATED_AT, UPDATED_AT) VALUES (4, 5, 2500, CURRENT_TIMESTAMP, CURRENT_TIMESTAMP);
INSERT INTO PRODUCT (BRAND_ID, CATEGORY_ID, PRICE, CREATED_AT, UPDATED_AT) VALUES (4, 6, 1500, CURRENT_TIMESTAMP, CURRENT_TIMESTAMP);
INSERT INTO PRODUCT (BRAND_ID, CATEGORY_ID, PRICE, CREATED_AT, UPDATED_AT) VALUES (4, 7, 2400, CURRENT_TIMESTAMP, CURRENT_TIMESTAMP);
INSERT INTO PRODUCT (BRAND_ID, CATEGORY_ID, PRICE, CREATED_AT, UPDATED_AT) VALUES (4, 8, 2000, CURRENT_TIMESTAMP, CURRENT_TIMESTAMP);

-- 브랜드 E (ID=5): {10700, 5000, 3800, 9900, 2300, 1800, 2100, 2100}
INSERT INTO PRODUCT (BRAND_ID, CATEGORY_ID, PRICE, CREATED_AT, UPDATED_AT) VALUES (5, 1, 10700, CURRENT_TIMESTAMP, CURRENT_TIMESTAMP);
INSERT INTO PRODUCT (BRAND_ID, CATEGORY_ID, PRICE, CREATED_AT, UPDATED_AT) VALUES (5, 2, 5000, CURRENT_TIMESTAMP, CURRENT_TIMESTAMP);
INSERT INTO PRODUCT (BRAND_ID, CATEGORY_ID, PRICE, CREATED_AT, UPDATED_AT) VALUES (5, 3, 3800, CURRENT_TIMESTAMP, CURRENT_TIMESTAMP);
INSERT INTO PRODUCT (BRAND_ID, CATEGORY_ID, PRICE, CREATED_AT, UPDATED_AT) VALUES (5, 4, 9900, CURRENT_TIMESTAMP, CURRENT_TIMESTAMP);
INSERT INTO PRODUCT (BRAND_ID, CATEGORY_ID, PRICE, CREATED_AT, UPDATED_AT) VALUES (5, 5, 2300, CURRENT_TIMESTAMP, CURRENT_TIMESTAMP);
INSERT INTO PRODUCT (BRAND_ID, CATEGORY_ID, PRICE, CREATED_AT, UPDATED_AT) VALUES (5, 6, 1800, CURRENT_TIMESTAMP, CURRENT_TIMESTAMP);
INSERT INTO PRODUCT (BRAND_ID, CATEGORY_ID, PRICE, CREATED_AT, UPDATED_AT) VALUES (5, 7, 2100, CURRENT_TIMESTAMP, CURRENT_TIMESTAMP);
INSERT INTO PRODUCT (BRAND_ID, CATEGORY_ID, PRICE, CREATED_AT, UPDATED_AT) VALUES (5, 8, 2100, CURRENT_TIMESTAMP, CURRENT_TIMESTAMP);

-- 브랜드 F (ID=6): {11200, 7200, 4000, 9300, 2100, 1600, 2300, 1900}
INSERT INTO PRODUCT (BRAND_ID, CATEGORY_ID, PRICE, CREATED_AT, UPDATED_AT) VALUES (6, 1, 11200, CURRENT_TIMESTAMP, CURRENT_TIMESTAMP);
INSERT INTO PRODUCT (BRAND_ID, CATEGORY_ID, PRICE, CREATED_AT, UPDATED_AT) VALUES (6, 2, 7200, CURRENT_TIMESTAMP, CURRENT_TIMESTAMP);
INSERT INTO PRODUCT (BRAND_ID, CATEGORY_ID, PRICE, CREATED_AT, UPDATED_AT) VALUES (6, 3, 4000, CURRENT_TIMESTAMP, CURRENT_TIMESTAMP);
INSERT INTO PRODUCT (BRAND_ID, CATEGORY_ID, PRICE, CREATED_AT, UPDATED_AT) VALUES (6, 4, 9300, CURRENT_TIMESTAMP, CURRENT_TIMESTAMP);
INSERT INTO PRODUCT (BRAND_ID, CATEGORY_ID, PRICE, CREATED_AT, UPDATED_AT) VALUES (6, 5, 2100, CURRENT_TIMESTAMP, CURRENT_TIMESTAMP);
INSERT INTO PRODUCT (BRAND_ID, CATEGORY_ID, PRICE, CREATED_AT, UPDATED_AT) VALUES (6, 6, 1600, CURRENT_TIMESTAMP, CURRENT_TIMESTAMP);
INSERT INTO PRODUCT (BRAND_ID, CATEGORY_ID, PRICE, CREATED_AT, UPDATED_AT) VALUES (6, 7, 2300, CURRENT_TIMESTAMP, CURRENT_TIMESTAMP);
INSERT INTO PRODUCT (BRAND_ID, CATEGORY_ID, PRICE, CREATED_AT, UPDATED_AT) VALUES (6, 8, 1900, CURRENT_TIMESTAMP, CURRENT_TIMESTAMP);

-- 브랜드 G (ID=7): {10500, 5800, 3900, 9000, 2200, 1700, 2100, 2000}
INSERT INTO PRODUCT (BRAND_ID, CATEGORY_ID, PRICE, CREATED_AT, UPDATED_AT) VALUES (7, 1, 10500, CURRENT_TIMESTAMP, CURRENT_TIMESTAMP);
INSERT INTO PRODUCT (BRAND_ID, CATEGORY_ID, PRICE, CREATED_AT, UPDATED_AT) VALUES (7, 2, 5800, CURRENT_TIMESTAMP, CURRENT_TIMESTAMP);
INSERT INTO PRODUCT (BRAND_ID, CATEGORY_ID, PRICE, CREATED_AT, UPDATED_AT) VALUES (7, 3, 3900, CURRENT_TIMESTAMP, CURRENT_TIMESTAMP);
INSERT INTO PRODUCT (BRAND_ID, CATEGORY_ID, PRICE, CREATED_AT, UPDATED_AT) VALUES (7, 4, 9000, CURRENT_TIMESTAMP, CURRENT_TIMESTAMP);
INSERT INTO PRODUCT (BRAND_ID, CATEGORY_ID, PRICE, CREATED_AT, UPDATED_AT) VALUES (7, 5, 2200, CURRENT_TIMESTAMP, CURRENT_TIMESTAMP);
INSERT INTO PRODUCT (BRAND_ID, CATEGORY_ID, PRICE, CREATED_AT, UPDATED_AT) VALUES (7, 6, 1700, CURRENT_TIMESTAMP, CURRENT_TIMESTAMP);
INSERT INTO PRODUCT (BRAND_ID, CATEGORY_ID, PRICE, CREATED_AT, UPDATED_AT) VALUES (7, 7, 2100, CURRENT_TIMESTAMP, CURRENT_TIMESTAMP);
INSERT INTO PRODUCT (BRAND_ID, CATEGORY_ID, PRICE, CREATED_AT, UPDATED_AT) VALUES (7, 8, 2000, CURRENT_TIMESTAMP, CURRENT_TIMESTAMP);

-- 브랜드 H (ID=8): {10800, 6300, 3100, 9700, 2100, 1600, 2000, 2000}
INSERT INTO PRODUCT (BRAND_ID, CATEGORY_ID, PRICE, CREATED_AT, UPDATED_AT) VALUES (8, 1, 10800, CURRENT_TIMESTAMP, CURRENT_TIMESTAMP);
INSERT INTO PRODUCT (BRAND_ID, CATEGORY_ID, PRICE, CREATED_AT, UPDATED_AT) VALUES (8, 2, 6300, CURRENT_TIMESTAMP, CURRENT_TIMESTAMP);
INSERT INTO PRODUCT (BRAND_ID, CATEGORY_ID, PRICE, CREATED_AT, UPDATED_AT) VALUES (8, 3, 3100, CURRENT_TIMESTAMP, CURRENT_TIMESTAMP);
INSERT INTO PRODUCT (BRAND_ID, CATEGORY_ID, PRICE, CREATED_AT, UPDATED_AT) VALUES (8, 4, 9700, CURRENT_TIMESTAMP, CURRENT_TIMESTAMP);
INSERT INTO PRODUCT (BRAND_ID, CATEGORY_ID, PRICE, CREATED_AT, UPDATED_AT) VALUES (8, 5, 2100, CURRENT_TIMESTAMP, CURRENT_TIMESTAMP);
INSERT INTO PRODUCT (BRAND_ID, CATEGORY_ID, PRICE, CREATED_AT, UPDATED_AT) VALUES (8, 6, 1600, CURRENT_TIMESTAMP, CURRENT_TIMESTAMP);
INSERT INTO PRODUCT (BRAND_ID, CATEGORY_ID, PRICE, CREATED_AT, UPDATED_AT) VALUES (8, 7, 2000, CURRENT_TIMESTAMP, CURRENT_TIMESTAMP);
INSERT INTO PRODUCT (BRAND_ID, CATEGORY_ID, PRICE, CREATED_AT, UPDATED_AT) VALUES (8, 8, 2000, CURRENT_TIMESTAMP, CURRENT_TIMESTAMP);

-- 브랜드 I (ID=9): {11400, 6700, 3200, 9500, 2400, 1700, 1700, 2400}
INSERT INTO PRODUCT (BRAND_ID, CATEGORY_ID, PRICE, CREATED_AT, UPDATED_AT) VALUES (9, 1, 11400, CURRENT_TIMESTAMP, CURRENT_TIMESTAMP);
INSERT INTO PRODUCT (BRAND_ID, CATEGORY_ID, PRICE, CREATED_AT, UPDATED_AT) VALUES (9, 2, 6700, CURRENT_TIMESTAMP, CURRENT_TIMESTAMP);
INSERT INTO PRODUCT (BRAND_ID, CATEGORY_ID, PRICE, CREATED_AT, UPDATED_AT) VALUES (9, 3, 3200, CURRENT_TIMESTAMP, CURRENT_TIMESTAMP);
INSERT INTO PRODUCT (BRAND_ID, CATEGORY_ID, PRICE, CREATED_AT, UPDATED_AT) VALUES (9, 4, 9500, CURRENT_TIMESTAMP, CURRENT_TIMESTAMP);
INSERT INTO PRODUCT (BRAND_ID, CATEGORY_ID, PRICE, CREATED_AT, UPDATED_AT) VALUES (9, 5, 2400, CURRENT_TIMESTAMP, CURRENT_TIMESTAMP);
INSERT INTO PRODUCT (BRAND_ID, CATEGORY_ID, PRICE, CREATED_AT, UPDATED_AT) VALUES (9, 6, 1700, CURRENT_TIMESTAMP, CURRENT_TIMESTAMP);
INSERT INTO PRODUCT (BRAND_ID, CATEGORY_ID, PRICE, CREATED_AT, UPDATED_AT) VALUES (9, 7, 1700, CURRENT_TIMESTAMP, CURRENT_TIMESTAMP);
INSERT INTO PRODUCT (BRAND_ID, CATEGORY_ID, PRICE, CREATED_AT, UPDATED_AT) VALUES (9, 8, 2400, CURRENT_TIMESTAMP, CURRENT_TIMESTAMP);
